x,y,z,class
8.599291369324137,9.729418079809692,6.432371170374453,1
6.592955285165857,0.08255628742824539,1.9695438551335998,1
5.5964705210484675,9.815682037006614,0.0272946133134786,1
2.7436388137561805,8.783176708228309,4.041946312122764,0
4.458361751698986,5.750221558030316,0.0990698743996602,0
8.847120761092377,3.4012092409006947,5.879991191450166,1
0.28031795295991213,5.8464457866453206,5.949633933329776,0
7.345263491402043,6.821904089767171,9.638249153973245,1
9.896575850578241,7.280166378636776,9.346375209342304,1
7.044017301555677,0.19936393941322628,9.759269110946509,1
2.175163570924599,9.455609146232277,5.032163186479176,0
7.474464276512356,5.201828155979893,1.2884941968536605,1
0.3280075815968805,8.87617382624249,5.6276663839070675,0
5.648190466098638,2.0291543650625803,0.8560132990710454,1
4.273197638856723,9.68974150183357,0.5244848885787202,0
7.519947749019645,4.536374971761242,0.4746005330657689,1
3.235400236665626,6.632428563475392,0.7550632372650544,0
0.49786008843834484,7.950843069717083,2.723542309585082,0
6.366448146314772,5.558762349281316,4.303636388126867,0
1.6927543234434923,5.768615066795924,3.879466897787109,0
5.322893968979646,7.540467343723155,2.229270157692005,1
4.47266735945921,3.927711674215477,7.368272749326482,0
9.76147920429819,4.698367462723481,3.2718902396008795,1
4.558385928460649,6.097597339764777,3.635328302566711,0
4.189777557340265,4.438107088914752,1.604700145545302,0
7.5957245094785675,4.323103565453469,2.44613163877542,1
8.62189935587869,2.995158073748463,8.141197716813895,1
3.0587827579358313,7.758710968482344,5.7590710938404355,0
9.75035017604556,3.880041473235756,7.477042155148781,1
5.73880979633435,9.922730186508756,4.303745098798,0
7.890515180018645,4.4014275520336,0.7847848081646223,1
8.737380191498078,3.4877435960373755,9.883137377122521,1
5.88243516973882,2.798038824147131,4.8786647791391085,1
3.685037565415381,8.069375185588326,8.63940293257372,0
0.46871854384887346,4.636722888358379,1.4453798194695753,0
7.95894669024091,3.9536804063972077,4.958140866567822,1
0.651877442701247,4.694082989212502,3.426908586109297,0
1.813525443836705,2.8291784225708794,1.6340371376244545,0
4.42046171654127,2.1977060188741335,0.7920244189218798,0
5.012909264051806,6.189478578520275,5.137281896267563,0
6.208265551007913,9.402402569205591,9.179840412684648,1
5.246733140957205,5.327970426335167,8.223856975351097,1
0.7650215691456335,8.143829477713824,2.968453860399544,0
5.804193105069958,8.905451610321885,5.658890322377106,1
1.9155488466883503,4.7215381107370495,8.886321655652472,0
3.285220767546129,6.311676100251139,9.48461890828665,0
7.415171441030913,8.17969723187137,8.880845664909302,1
1.9379188825902047,5.725652727681705,6.874891207446753,0
5.01671670893744,4.992213744990409,1.6191073975572958,1
5.630559264513117,1.4174804960143554,2.8977047447348694,1
9.644046124669412,8.975480498829205,0.6289749772005934,1
9.263745331022049,8.227329007956273,7.512323003807251,1
7.007304551818987,8.675620050929236,1.4216165721909915,1
6.251041116589236,5.814311470386596,8.613904865499048,0
6.873565527479921,8.1673692143554,1.0611384959836356,1
0.9287740285448359,1.6028974205876256,0.7249030436211434,0
9.240269031844413,2.633137044275383,3.096855631525096,1
1.1092708648041119,2.1354523017368336,7.546275260861665,0
2.608146760676975,0.6059087680482674,1.2653944334438516,0
9.471858069765448,7.092060992708669,5.188721943011987,1
2.7167567156248515,7.0428095491885445,4.290986244202923,0
9.172058958208124,7.776772869291902,8.446361481540945,1
0.771006251657549,0.8074397763458994,8.484856779781126,0
0.7151015029883498,1.1994043487735306,7.153461232443414,0
5.21303098537967,7.3546761637732665,9.639999670105562,0
3.412279901793089,8.030235230221743,9.590392549822742,0
3.410215175894532,5.964287967108883,6.150024154158139,0
5.648368547737169,4.459930914492562,3.277240543514442,1
6.380977667281701,1.7796979880617156,7.45263716344504,0
6.411895750219188,3.3111416330054744,9.355025494657674,0
9.641422672008376,2.0699893249475485,6.018630350349505,1
2.2050617826977756,6.271260481098275,1.3068104895438974,0
9.296123198422112,7.873419057910576,8.026181513544918,1
2.0273002247136445,0.478345519275596,9.227509356058354,0
2.123636801351897,9.240337445507434,8.87566535869157,0
7.291815656975386,0.6244047994002356,0.5803127138710358,1
8.04087367580862,7.2496339545159945,2.8039442807453825,1
9.91903418909289,0.6049555955578861,4.735502148627264,1
9.054207450852813,5.588461269464384,5.695537236682758,1
8.895788770316159,3.421441322986389,7.693711573860851,1
1.8571459845876075,1.463756311425469,5.976445976326237,0
4.754334689107124,6.622898197427549,2.964513595662686,0
2.5440861859096473,6.139541168209046,0.25128536484186903,0
8.678797306531909,3.7694304640777996,9.124381873099528,1
3.0579241695423516,5.540595799788524,1.9269700418497175,0
1.7631785283159047,8.743047189932915,2.0805135483496273,0
7.325371460862348,8.866364647523062,8.43558996205757,1
4.688922436985502,8.175957058108688,2.49525142501119,0
2.041283072451502,5.696525614102526,2.12249558967453,0
7.044915612443491,6.9306355267795485,7.463876477711034,1
8.81595894810986,3.68887620814352,1.6839883129005542,1
0.5934031084128534,7.412704201671697,4.273976540577851,0
6.194223498876394,1.437096819333767,1.0825464501754765,0
4.198869260803128,8.277688534471281,2.5793260457648968,0
3.8146411266199896,1.3775668779268497,4.024916321414788,0
1.7985462473121083,6.532933966609575,0.4261954113310402,0
1.4634731626274167,2.428627343291667,1.3867915817158707,0
3.9842126132118674,0.19072950584206705,1.4329876940250914,0
7.912062136125096,5.315761536342735,7.634375475306194,1
7.84707382231932,9.251911308366669,1.0689494601827607,1
5.579266679855859,3.211337139059767,2.2932822026687925,1
4.620400844085357,7.919572349790524,4.811772908660587,0
1.8930520411378895,2.6181715093945703,4.948268299593705,0
3.243673140282088,6.545473018416696,4.148153337608519,0
7.657677739110819,7.196777039888798,7.310661947988113,1
7.071418211500653,2.6205795688538744,4.34625355821801,1
6.651553615894938,0.04024096685033285,8.506616415695932,1
2.665456360367557,3.386105036739657,7.144965926505154,0
3.7199806267917417,5.05708411249957,0.6217796499082844,0
8.514838188766895,3.283052323008981,1.37831245644569,1
6.5048497425929614,4.053145334909506,5.080837119781213,1
9.870183603527165,5.0497712226099125,5.888315028730337,1
2.0516870368165794,5.596281419337592,5.982315945270217,0
3.1143415317875442,6.144935509627731,4.22291271460931,0
4.280610087096134,6.78412953923629,0.13791815586421496,0
3.315392780568744,9.089204107357318,4.516155983477864,0
6.21537400814268,9.439228372283802,5.101895510919421,0
2.2633092019734216,7.94028061999644,0.32725609381403353,0
5.639048875161516,4.400895755243163,8.749716439395314,1
2.004824001568601,2.5364087885475968,7.556767074237934,0
6.094105562121985,9.749378720779921,8.331284831589594,0
9.07005473950642,7.688610819686585,3.549569827952807,1
0.18459890288075287,3.154400103214984,0.02257937374482888,0
1.8684352186293365,6.37923940881121,8.819458205122602,0
0.9544737395684946,2.749395049444078,4.264679391215108,0
2.5628248518130814,1.302834767889489,1.8055926474449082,0
7.523822651491851,8.38427953385497,0.6733752557814365,1
8.93956733725568,4.56530923770046,7.983987131833857,1
9.41801829235525,8.128305016352513,2.8544055900404106,1
8.36323801253529,1.3196655109605777,8.404062636572409,1
4.089505633830704,6.190576174358464,4.512157139913276,0
1.6368179265622,0.7231556102391,9.679742375208297,0
6.541236854920687,9.951396849984205,8.351940401835096,1
6.749515249812273,5.298138865140267,6.820665728483584,0
4.01386247712356,3.381408326543483,0.8223365488942346,0
9.984479926000073,0.5279912685323493,1.5097394182538353,1
8.593475581647073,2.074037510711654,5.7525101398038165,1
1.6057281984606244,5.37200041333873,5.3505808058041255,0
1.310113599788084,3.9049782968207074,2.219915035874963,0
4.0521591320296215,4.655700151092722,7.795586848549787,0
6.067852970466278,0.3129286469528302,1.3144974141374817,0
6.675274019700791,2.1005174843056285,0.7889635964337207,1
0.11955540960235744,3.397614995356345,8.772176478972126,0
7.59966731250939,6.182065710074011,9.65806121367234,1
9.52544376779648,7.051068858056945,2.172591223905542,1
2.542706090477025,9.020090244420063,0.15346773685158022,0
3.236131713603336,2.801404393436242,9.659518548539571,0
3.8519934518218526,2.7852886909550323,5.862983284185644,0
5.451668228108355,7.346188387847121,4.003471047835338,1
8.35248310611182,3.2556845084667163,1.8258846253214143,1
2.6494956556492104,8.193805889411902,6.4940034646733995,0
5.9675961013415035,9.310098070609007,4.1402405107222595,0
8.421198030131823,9.813230450458628,7.419363776069506,1
5.975378579801141,5.3798786873456255,6.008644226860306,1
3.866046110788428,3.6717418837455558,5.560594149234904,0
0.3681103907227057,5.713360287143742,6.367960266204291,0
1.8164385778915495,2.2441167358377943,3.0190987104375253,0
0.5712348337176194,9.913839879044215,6.287536033089829,0
2.384343113390035,9.97701193237934,6.529343679191728,0
0.8701137874559133,5.550904135208811,7.877429848137287,0
4.835753076235955,1.5338857557313976,0.8013473629443206,0
5.280805966675271,6.542259552605401,4.300351393493525,0
5.768633944286003,0.575106653601574,3.22428104487828,0
1.879574006527595,3.9769439194508585,6.84333802868439,0
9.682020450308732,4.895955955543874,2.020543781691011,1
3.09149007069617,8.979891052386959,5.861122067303286,0
2.2555092243436903,9.707709430285723,4.882934237149806,0
8.746081618018804,8.803305734815874,9.349545984501013,1
8.270304749681962,4.128024504782241,1.0539075088161063,1
4.578767681655285,8.241742518711249,2.2908436318368306,0
2.8225341932648944,1.7232868028609403,4.1903580129020614,0
5.087743586334113,5.189623300534279,3.9260975186796023,0
4.20490641924728,1.7276714210237776,1.9194473782259036,0
3.5635134341984007,9.163099783326754,5.614676990098904,0
1.7041721418762252,6.86846885161203,8.369027381732018,0
9.455824175913214,6.387249003392858,6.847779987073546,1
3.389950399743794,4.723884557983499,9.518631376268146,0
2.368143871707232,1.8076981461718105,7.452013800833001,0
1.6293142537156327,6.141487334536544,0.09381819680027437,0
5.336245164598314,3.5824036592355424,5.969111693026167,1
6.795556453660878,1.608764436729499,4.338188969601438,1
8.180249976783239,7.126087348682043,8.65721572169431,1
1.4439987736961981,9.426242301722793,8.412356357684061,0
8.950915340732736,7.7993084632102745,4.082492191004846,1
8.513598101667927,2.9154043445996685,8.939836839832381,1
0.9851246416879152,4.691839071711883,8.768515957410223,0
3.9431814904353812,1.9912235840666161,1.7833972688727089,0
7.823541000625347,6.11630854374887,3.467629426084507,1
4.916665315243482,8.917147306565457,9.221076334763282,0
5.542510928302785,0.950357400780856,5.475351803587148,0
9.717140678211805,3.3772517698960725,5.653777141958742,1
3.204611130781471,7.16177798743608,3.7690708327453515,0
3.7376653140805933,1.1555310555479732,7.340417716238679,0
3.451043747335207,9.984856557695727,7.288118433146444,0
2.751579637359222,4.200532162018613,4.008190841173523,0
1.3791526042817719,0.9679426611753723,2.0435816514085747,0
0.052292124125924544,7.296525894823714,1.114517010229299,0
1.4120048373253162,0.7869548261356044,5.225407591453639,0
0.3830560924852593,5.069012434576764,3.2270174068351323,0
1.4660173660338947,6.75759439141204,8.47791706197012,0
7.422214657465749,5.845805585473163,2.7986993738165036,1
6.535014430993262,2.679679118743908,4.467194393878426,0
9.235259395394948,4.673066348246158,9.22590194337694,1
1.699248524096448,1.9995061190467198,8.752598905640053,0
2.5423089047267364,6.119045969843822,6.721265586049578,0
7.212888613684266,5.005625710727576,1.784617770217102,1
3.8693887876194712,0.1913259785882767,6.78582644389956,0
3.182845228509748,5.982787781003228,2.2092350892972177,0
6.863165443507484,1.8718925861762021,0.8643753607953809,0
5.668598319009667,4.765532722470444,0.7131040519709029,1
4.773333986101228,4.196676359408573,0.5160036361971743,0
3.535696175752619,3.6254966423488764,2.488746487164547,0
4.9339997978862185,6.916991018132915,6.304355599323006,0
2.2687803868400023,9.07236224322701,1.3736171873869174,0
9.459038611675801,0.781388014717959,5.054984430502172,1
1.7235483113344003,3.9268086163498834,1.7887354345174038,0
5.4379538313499145,3.1188671404624815,1.490627177348625,0
2.0846964551807967,9.03090026453812,3.6288704190743815,0
6.988059669394218,1.360113585232408,3.871804493109744,1
2.987226942176816,8.842742226373685,0.39729998805379085,0
8.70264459894403,3.0944616367490276,7.713659544894345,1
1.348653833321976,1.0233410612567262,6.493331993295699,0
8.297702044068235,9.48234117999512,4.182102626069357,1
4.099018480836281,8.856991506158025,2.15948158300591,0
6.643512917362219,8.370577349544307,8.803582479223204,0
0.755246211336172,8.246729715739594,0.07164791936258252,0
4.20763663403846,7.040617286569526,7.218164906196528,0
3.27799875008907,6.8786107637418255,5.276569464957427,0
2.0508122818378256,1.1398391668638561,7.611296355143049,0
2.3554284221012733,1.9092924970477472,8.108516356891675,0
6.600957425727079,7.091706211377097,0.38932801306426223,0
5.848456293772707,9.918059739562157,5.628726828143998,1
1.473211118816126,3.5344224319136326,8.106096642002925,0
1.2657762459571191,2.8695195637392503,2.6689066313431207,0
1.332886595433712,0.3830605698330444,9.717904013342443,0
7.197616827345179,7.388731843662554,1.8801507153626549,1
8.522408710607408,8.474823271345466,8.272518387198756,1
6.41186558792792,3.164301597060742,9.724088332692455,0
8.41231129130237,9.338849352624386,5.996365362792873,1
4.165190231524284,0.7277703282134895,3.070037666534199,0
9.074411930493056,4.8343975711774885,0.8811159295395001,1
9.533071328970104,5.204311260764001,8.243726939734847,1
7.647652839952575,0.6249560753409588,3.8567043411898503,1
8.995995048380625,0.34543441416258946,5.319955780224505,1
6.52361319816485,5.495894868549964,5.147712675985936,0
0.8603884968722213,4.886065476680345,8.728984057007784,0
5.953381232350586,0.39686373938607233,2.912845462054255,0
8.106248643474661,5.836821697974435,0.5210786653573686,1
5.2842929121164195,7.469901850218666,3.6848558216059604,0
7.030389574488174,6.5259775671201306,2.4275332158260783,1
0.8750800408488598,3.490856272999678,4.136802645226846,0
1.0494454546838354,0.5763867699991003,0.07346095557301213,0
6.383105685736285,0.9628712421885617,8.597486198006152,1
3.437303775373727,5.601261403025346,5.460501862203668,0
3.6930013845402585,8.014152098190296,6.143741224088743,0
4.272445850073659,7.949910283338092,1.9708581296752188,0
1.994331053480288,8.725067114842863,4.933907857172124,0
8.921266579805462,0.14961909887286307,2.7034046694485254,1
7.574768729622865,2.5125526273514374,6.842420076977889,1
2.7131873622247618,2.6096050814446343,7.7874179443590394,0
4.433610130771557,1.0444509399773807,8.826968383900875,0
3.470682921894501,8.248540182324156,8.096821704392012,0
3.0378862900301717,3.0332381320508586,4.626865040567901,0
3.32153191732326,4.216171901274558,8.900656027833127,0
0.605183528690277,5.904221775034287,7.74162739468998,0
2.1065337249821496,4.650827251680911,8.774627621041992,0
1.7381991005421784,6.18458955078505,6.896827903533068,0
5.576985514038477,5.973443612911126,7.839072244622171,1
0.10796202315360182,3.2669933443698347,8.04015070702979,0
5.54051172882433,4.342942482005615,4.653239791776173,1
2.5633966338228986,3.6007906936364122,8.094986322492314,0
0.9760840076975612,5.652596718773842,9.492514509191716,0
1.0460475322730733,0.0038284039996188124,9.824286238343188,0
3.7892296709231106,4.058167103684844,4.361827773493885,0
4.423889752477727,1.2648267280156662,5.893023239920774,0
2.7459472008299617,9.415222085159252,4.661836279867154,0
2.873744757548306,6.801963026328756,0.6638323205784185,0
4.404131016291224,1.0718994314906605,9.75589967161259,0
6.291401906893581,6.091349943650329,3.7109806012278144,1
8.506127879137864,9.07249013193468,9.513735572362641,1
6.750706693584891,0.16841543122177705,2.3559946834691687,0
2.756571974947823,2.2355359051108703,8.491928160702528,0
1.872977357041541,1.596387342499903,3.4222084656188074,0
4.467287122670186,0.32759493898484604,3.3062466232525956,0
2.065128502813214,1.1728552497233686,4.579398732155062,0
5.2961989447851545,3.957692356603564,2.475841042474529,0
2.2449755772248787,3.4288242338033403,9.540744627162999,0
0.30503159950606595,6.293756544504296,2.2858511588949946,0
4.95115938484085,9.45373908475286,2.00606304492906,0
6.138364342453446,6.805426016740355,8.450950240645238,1
4.74558045911969,3.7489848319171553,3.0490030091629885,0
7.986373960333581,6.600560177835007,1.5981775904640085,1
3.8384320083368615,9.553987239228064,4.496774729471166,0
3.9385036306629644,2.8750126160691445,6.663198769454145,0
8.372319964448987,1.8402738204764748,3.8068005259143085,1
3.499649537734972,0.6500069907308684,5.072566345142343,0
2.6571110768631376,9.867487727195106,8.658248759007382,0
1.053284377733394,7.232570029286677,4.631663560230985,0
4.8161538432688085,2.2889184791188466,8.665728554663282,0
7.215304384845001,4.619369538500575,6.0882689124799185,1
8.391403637964295,3.661354607813979,0.5020583664636808,1
4.096796306898646,2.122252465215676,2.9652426897109967,0
7.129762876728142,5.457637931209255,4.031734065136275,1
8.915136230019392,0.034449359886183695,0.7729709241682649,1
9.756897219300752,3.9854625026582475,3.918093106868887,1
0.4511092057864333,8.288423282242034,9.843668873298848,0
6.668248133995555,9.463139521726822,3.4486675337850357,0
7.107956385441699,9.379723617838875,6.056922108240017,1
3.5734275709680943,8.358496316176593,9.55213694739137,0
0.8662446324233141,9.764703167195282,9.016876798027543,0
3.29066127529674,9.609235899970617,1.712627260754069,0
5.014263972857647,9.49715530309609,7.361730008026355,0
7.610118722079842,8.783870798843843,6.524985009787928,1
7.624962944748392,3.243964521475537,3.544201110698185,1
9.448736546455155,2.470334789124439,6.640227696979819,1
8.691310173906956,0.41972992992720415,2.188132022917002,1
8.903166934644275,2.51833035709393,8.629089952459534,1
7.538203562267785,1.8412142783295868,5.230220055664681,1
9.281998716946191,4.981552665892325,9.321091693975509,1
2.1223414904163764,0.2638489691649777,3.0758437827532465,0
0.1657859767041956,0.6301558755037452,6.5154340831809785,0
6.565564995015635,1.0054912570772645,7.855399655857706,1
5.269193817747392,5.814959899804485,3.356290245059705,1
7.222630508218977,1.064825652720056,6.41855982899715,1
7.496778941480523,0.13480761669933372,0.43839694772715043,1
0.4359870097310268,9.444375514443326,8.654817195169706,0
4.224735466887204,6.625745441315038,5.8075241874809915,0
9.268031687933272,3.51824880929491,1.7646044161794898,1
6.205765187565695,7.0885336922039635,9.491541613949737,1
6.420011865863725,6.257658512401931,9.272885126146434,0
7.706964717748953,5.231912059697118,1.1124797677029195,1
0.2806993792424568,5.639505973749295,2.5081959342612845,0
9.504991786126286,8.995964333216866,7.72745584583101,1
4.054332269294205,6.302388821770513,7.825948906210702,0
2.0367694309037674,2.554040784966375,1.3237539537425804,0
6.450720002367395,2.1200083341668323,1.1395912207283279,0
9.896141869698495,9.024445579477492,7.984565744706375,1
4.946260549498023,6.088312042721236,9.023314874047344,0
3.045071512626573,0.5811292012981867,2.1265113355583765,0
0.2095975872310082,7.283453781977061,7.627550212193585,0
2.2382111686005013,2.7864878598333327,3.3989928781922822,0
6.34853516742932,1.395456536092962,6.2745399473660015,0
0.3148521323087179,9.80027204272965,8.096755592877217,0
7.551959489705705,9.62271242838294,9.504351626337934,1
8.609149191831992,3.3435895174085046,6.068737513551494,1
8.989961431649029,7.0490037941595665,9.462707814024668,1
9.77488041946441,7.002688532833219,6.0289708489163685,1
1.4153685430706364,6.969168713993596,1.2519403580899002,0
6.000795771352909,7.873376985314746,2.8670955957421826,1
6.2436611117356025,2.822418507878857,6.698845346777765,0
5.534032947857801,4.5991879871251955,9.231007305279565,1
4.186010466432974,4.27422803972526,8.920010754463988,0
4.034959022179273,6.361729293372491,2.3298574255402205,0
5.557446966539505,6.756126276833733,7.38679765747095,1
4.335265723129105,6.781898519411692,3.658334275530127,0
2.1316420905850126,5.0214277078475655,4.483344557598516,0
4.926695335802972,0.4004703304215155,0.5908464556815157,0
9.056140545496374,8.485703135520229,2.4211342905314392,1
6.193857269160962,8.403864198928975,3.2791122990446344,0
2.00568921653155,5.768132267644716,3.9761342472148913,0
1.889519456751619,0.5884027590540236,0.18791285210235598,0
3.0590658669833437,4.344673443439554,8.763234100117286,0
3.7821326019446566,1.5774061102198442,7.245194751754537,0
0.10492679395434412,1.3326702067939744,1.6884247016258245,0
8.077685612067233,9.607893926869707,1.6735376352239122,1
4.416615910391124,3.8753849783224954,5.73989727236931,0
4.337265237719352,0.5637468789644554,5.457369996048312,0
7.553610277796243,0.8885126580811581,1.7675004060722146,1
5.1144325424663775,2.03501973156198,4.910128861112103,0
5.434852571414248,6.052496866801876,7.505708863451647,1
1.5977251771086478,0.4576935771023426,2.5759476296295505,0
6.770864533060533,6.719481631908483,2.1087647485528147,1
6.479052736395467,5.345525073376269,7.81608159155119,0
7.963159645839156,4.467208398130695,1.5033589737766595,1
3.7223496179204836,5.718126918151995,3.7770666700168762,0
5.807561129516214,9.936202689716106,3.1831810262761016,0
4.014813909829858,7.208276142959388,4.132046879981258,0
4.519272629333092,1.040434645092403,3.042893820188395,0
5.826019801940509,3.1824584143395374,9.164628822522072,1
9.566692161870957,1.212951251928243,2.8734354012691252,1
0.7903258702267701,8.657515179118992,2.883429501107548,0
8.129691347288189,0.8593875082552649,5.759472809353071,1
4.504877856310714,7.4632378231013705,6.577449888240421,0
1.856405162305431,3.384896461867469,3.7451758596218974,0
2.031630043627788,6.644770547903075,8.128265781786151,0
2.7748591951147286,5.67295300897848,9.588405170746718,0
8.890736142827896,1.6536981588322384,8.62971469485235,1
6.600070869451621,9.88247893776247,9.303844268377679,0
6.498974465029248,5.7879378066492775,3.7707130846821597,0
4.714776520831923,3.148184090471573,7.361188191537896,0
1.5729146470491742,1.1262829604851479,4.32941515587099,0
3.2499695282783145,7.762822446250556,3.150991272256576,0
8.709853367650155,4.472040185492744,3.030256362028442,1
3.8822566746272837,4.979062645923677,0.9393924487642362,0
2.36701963580459,1.0474140667596203,5.003607426659503,0
1.7578511310544083,0.8173967486254354,6.027622276333318,0
5.952325987910201,9.720427343723154,9.16282348332848,0
1.1419821784195476,4.22762566411483,8.452040398772725,0
2.585664077413376,6.875585696764052,3.513451163668678,0
9.20802817815126,4.931482364508246,0.20734420774124396,1
9.794292104299492,2.5185226425356175,0.8502777882346662,1
4.729759838644175,9.248762604864972,4.726582111211673,0
5.388616435406972,3.3716430514050097,8.102333925184078,0
1.91852254499151,1.7476490692703568,6.543278657129202,0
7.798160654496336,5.621085327923547,4.449008463167564,1
9.041226450652578,9.570058820411953,1.6596025714742357,1
6.956807480054771,1.7514601458629433,4.413075648304747,0
8.793547960524746,6.993594651641227,4.296344529185704,1
3.7492499795916094,8.42374189531502,4.018793068204181,0
2.520138618178586,6.105418852978017,1.0056244575481506,0
6.081523709257097,3.864403017179696,4.526240969037188,1
7.4943050600767025,2.752224351678098,8.306150175206545,1
1.1641838494233596,4.693335971832214,4.941388097303108,0
9.149374086406661,9.031037341628295,1.1128385117333488,1
6.777694058914076,8.044432773939645,2.746237277017218,0
3.6994169737359517,5.831050869216421,9.77948845648978,0
0.1308151616163401,2.1677673366986996,7.006902694059688,0
1.1089252230122366,6.4206513846969475,6.327509866228025,0
9.792488975142573,5.040421060154429,5.9570720679322235,1
5.611620032046937,5.841924379925793,7.557882486296957,1
1.9159417693099239,3.1150837114187406,6.4389593343441245,0
5.283115769549736,2.373289780895944,1.3227850712673166,1
1.426833465457055,4.680412971389129,9.615813933421416,0
0.1559339393276582,4.068567103784952,8.261984887163592,0
2.246390498564939,5.586092601023917,9.865087175906693,0
4.0428407328700535,9.973906004566627,2.737872723040376,0
4.8987481553557055,8.663993549452268,8.16715291933822,0
0.7301119766305016,4.6228250213660305,4.208100660133515,0
8.113225538374184,3.64837780044836,0.39766307198653483,1
4.469550391137658,1.9169769817224611,0.03770373723506004,0
6.927419277012735,6.876120108776096,1.4433488294375723,0
1.5529136241012274,1.6942765582328674,6.644430662112583,0
8.098390838351076,9.060987268448775,6.708859340931331,1
7.231541396540643,9.29667906176576,2.052545807369462,1
5.195412186939658,9.82556515949404,1.8194410098396547,1
7.63912815505474,8.95679065480451,4.610631519998231,1
6.701129593846105,5.865049061263271,2.7011282822661675,1
4.792597122592815,2.0424962065061485,0.5163692271740087,0
0.7093699052198525,9.11836960515678,4.519551571258683,0
7.639650587547149,8.555563462655972,7.349285442639122,1
2.6485055134296216,4.949061889115866,2.690659891992356,0
2.0806783764916092,4.645725978542161,6.480903349022968,0
1.2250752833285299,6.120063973218446,6.406772596503035,0
3.6296884898025374,3.3756988727480715,8.614152991910101,0
3.021677527644868,5.464691298006198,2.985487471541119,0
7.9699670715407755,3.8969863322976535,1.2899548588189664,1
4.281804950142986,1.0412344961031064,0.7171993265113278,0
9.562710492529684,9.861588514381904,9.504404027796012,1
9.764686139511781,1.2436715612669376,7.250044042120164,1
7.624099398794014,0.7952753188615471,5.954019045819647,1
5.950720925326168,0.4269851046141152,3.743683832729002,0
8.036087972602704,9.513781748184131,0.4213091559079858,1
9.812371345514686,5.074288032317246,7.681099943036622,1
0.305492522332098,4.19522105407224,5.319335876831497,0
1.6840757309869372,7.133789825503915,4.281040895905082,0
4.151099433493911,3.223610318535609,6.767322781170696,0
9.746801271701726,9.449239442780017,1.6526975298264124,1
7.210401566673385,4.522464377644799,3.6077072672367683,1
8.735630613163456,7.293025645851116,4.802028513317078,1
0.9323944486182838,1.5537650859355459,5.218616753277437,0
3.2378234815768314,2.7711114538022366,3.4332808502324417,0
5.838948984326989,3.8355451723869454,7.203805125402295,1
2.312151259851965,7.228230468559028,2.4016043232386513,0
0.07454469601218427,6.89726357079201,5.164399633073917,0
8.224047506369846,2.3848833537611522,6.994681568878201,1
0.017194382391122587,0.7488186501405849,5.636902310891925,0
5.045993403926986,5.939929348119479,6.406685573350527,0
5.682692431423911,4.541301651094443,2.7314523710002563,1
6.064422534505878,9.941253704121182,5.7350544031971555,0
2.9805481692256057,2.703603448069003,9.963664532736388,0
1.3351328918436527,5.74956081197839,4.6140331945206805,0
9.87050063851471,6.963325578607425,7.538635227479105,1
4.166375591341169,8.641614637908607,1.7558777906057594,0
6.7229558567112875,9.082421988536598,2.261022317837046,0
1.6985105328091477,4.70582568219497,4.573030426847458,0
9.840473117301048,1.1841950646926662,2.96544552216983,1
5.353496641346912,7.179845756998259,7.879158476292554,0
2.7977126154246146,9.491653589696869,9.715323605207718,0
5.348418169394174,4.44881454010186,4.824845618653066,1
5.006294171168619,0.3349041108566849,0.10955852483586714,0
5.787769456147026,4.755123428348784,1.2263451532477134,1
0.7039438567820572,7.547702925129327,8.894905824191985,0
3.562686815384158,7.644920672189661,2.0184842629775464,0
3.6127363281664584,4.515435656656006,5.636579813058012,0
5.226967424052752,6.261122483453099,8.815864058586225,1
9.72086975488323,3.378788813701562,3.431004011515338,1
9.733203123586863,7.689579567756646,2.407936166573098,1
6.429361458614906,5.071915173519366,8.130897705028113,0
4.596744495297687,3.9692388686446294,6.505319387310491,0
5.510635191221237,3.770921132873624,4.368886334371845,0
4.621930595976953,3.89777684229044,7.926008914037212,0
0.0010000527036276852,9.615339119444686,9.10676368915225,0
2.909182273704289,9.924781061335601,6.741188753341499,0
0.9139967815853711,6.4229504360720835,9.77246932971148,0
2.08579049475276,6.810490211348288,8.7367092816649,0
2.0825040727806363,4.693614410862944,1.8832786978729237,0
3.9533369672799292,2.560302240323712,3.8626228563524183,0
9.447556960170914,7.090502550143029,8.028943710142624,1
6.416987012201559,8.460278000179036,6.754558935457283,0
3.8118281641836766,6.64474582379217,6.628068355608064,0
8.19383235811169,1.175226264132032,6.385271432382519,1
3.2877629981742005,9.67008010054141,7.479751791884852,0
5.190808772221415,0.6735505607612592,9.65596921863641,1
9.726746277483285,0.8762336627634754,2.5154430840985507,1
7.802741530485189,1.916539135364082,8.894785158958797,1
8.454793628703934,6.941429810201143,2.586283468043483,1
8.839235603092861,9.148124604752724,7.700011992812994,1
1.5495854773480158,1.8126370984814555,8.621848585452733,0
9.951300566571016,9.122995626924318,2.8047319927301047,1
0.5652234123532393,1.975022302548826,9.55008958306529,0
8.874894207610483,3.76182332956359,2.7037495811268406,1
0.6674086323935218,4.148232935661852,9.625914022211129,0
8.333004931089919,5.784668964852745,6.256863229790168,1
4.229748355353015,4.958810729311258,7.76505486347147,0
8.866844551136115,8.549374466034681,2.182970907452579,1
4.922450933223732,5.761933472455698,5.49615324044704,0
4.6293119951775825,5.35971426388495,1.1438286548291363,0
6.036552234788196,8.672573336724069,2.6729994597529156,0
3.9578356842792157,8.712414194700958,7.421018470311731,0
9.802158954785575,4.759294121668014,8.380358637935096,1
9.634708824013071,1.9565887981928725,9.587388610879625,1
0.11702100537478488,2.482084220941722,0.7098085056846908,0
2.3342092431784405,8.185715722668409,5.949495992139821,0
6.290826371425144,3.9586544821258642,3.3737784502838206,0
8.809680693770229,8.289506134645539,1.49131148310228,1
8.787505185893952,1.0807157691500042,5.397018382193907,1
2.621239262174501,6.335289870068664,3.779211862268575,0
5.224877789921284,5.226740405089356,3.232156886302448,1
3.3482501058784586,7.656823172954056,8.956907214264964,0
9.985311515268853,5.112345380822539,9.277661826742682,1
3.165300605891278,6.610560629499158,3.4677468788884434,0
7.812482287945473,7.810155175337695,2.180161963025772,1
7.238438295597104,0.6190770081861673,4.529206129729353,1
5.264607777674747,2.313177383383985,0.8473883973029974,0
6.1473533006990495,1.9321342817570728,5.634294394311946,1
1.3584468490446788,6.074150011152683,5.414477251455276,0
3.3674279209090843,6.603119218111582,1.9639102245262965,0
6.133429425674491,2.023603773391322,7.557678971008283,1
7.391292699707886,8.788070120799777,1.7037046020667483,1
4.534518607983245,1.9449924856584522,2.9383214303166696,0
6.568732080614568,2.7392870565295104,6.227638096699317,1
9.873920379780856,3.0263058122004165,1.8016119268275597,1
9.391087612868782,6.886305832634873,5.8717014771364555,1
0.4663970495479173,5.048911117489996,2.691137320214125,0
4.779981958229852,1.5788027209469462,1.5654965013823112,0
5.69156984967615,1.2901821874506618,2.2048708047595644,0
3.2923523592739974,6.188683627340276,7.825275695380874,0
4.501427892742748,9.433232032317795,9.057964437457889,0
9.307658241478519,0.34781896197782314,9.967442272599396,1
7.2779724939355885,5.277242337577945,1.1226763337200756,1
7.425152775771088,9.98779371397666,9.26340771920678,1
7.340875831160874,8.005466036458875,0.2847220488516763,1
0.9299596610146624,8.778030922253834,7.374202395627385,0
4.9385049333912345,4.840455720521529,2.7398607567673454,0
9.948779558912456,6.07519442722689,6.156030622221095,1
8.618160717975016,0.750740820565999,5.836607399572363,1
4.16153291516504,9.279883177928005,6.368232762972456,0
5.5202697639113225,0.997240047579715,2.4744856984303194,1
6.437437934624533,7.723487501982581,6.286974985377918,0
4.124310164471444,1.3598800536537214,4.43256206094471,0
1.36680587991468,0.12794339163076895,2.3881905852384944,0
5.6662642558808525,8.635326027847189,9.326442480365873,1
2.399722198294264,7.834201858991883,0.025976061642345116,0
6.716287487724424,3.6956154627714675,0.5268788417005467,1
8.176178481494505,8.603284524239427,8.106831322026245,1
6.243460034352514,4.814821818989272,0.7839763647227286,1
1.8100634420910757,6.067088603569858,4.128418305895498,0
1.6089756810851457,8.29279458755396,2.115782029248977,0
1.6295080504849624,5.922119074905282,4.553371625230329,0
4.674951395789139,8.027149324011477,9.887527553281483,0
6.9722462774450715,3.5078423279702635,9.452400545183384,1
4.995034706138026,4.229812576012166,7.651467108753215,0
1.419531189943266,5.363050266385893,2.87870341875788,0
1.1052798903241405,8.351765874298412,0.853205150150727,0
8.772795886394851,6.878190948937253,8.347111518688312,1
7.3878788334571555,6.774899556173327,5.95089300346696,1
2.939313187617847,3.0705273663650785,1.585315508522448,0
3.5967981482413793,3.99673072795286,6.932484176704838,0
3.7143925837529737,6.157971350112697,6.5375270501065055,0
7.07065089474374,0.7177321907494175,4.567944750372967,1
1.1547933957841123,0.0726459138612614,4.7254926517958,0
4.2148419274014675,2.4448416523385013,4.584365982918563,0
3.2692498928358793,0.06480058613152662,9.215819432953635,0
2.4001451482793437,8.04189859403029,5.816942692862805,0
8.339254621859423,0.06104020789848741,2.20527321341514,1
2.7001933873687003,5.833692897236873,4.454694053632657,0
1.246733318388337,9.016231209532622,0.1508729431162531,0
7.7858201686237125,1.9047455823611126,8.142008758274919,1
2.28086235856064,6.282769531414805,2.412240724857733,0
6.0188299217509496,3.5518211743863435,8.24166819834775,0
6.877452689519905,2.25953451792539,7.906550309986221,1
2.11557408681708,7.23964807476951,2.269709672101176,0
9.73684076224615,0.6427463797363946,7.12725065297136,1
4.636984396963484,3.3721604144275243,5.215854798906937,0
9.737495923639695,9.813018898436919,0.19773526183111523,1
0.258665459557631,4.091700620208806,0.8279071913355237,0
4.246509936072463,3.535429648394465,7.3529970032849885,0
2.51544308458659,1.3765388233709723,3.6581771868254624,0
0.6178896249183227,4.79871813118921,7.599268450220519,0
3.6185498022729865,1.9929375498436845,8.394436272927802,0
6.25631598251591,4.387344037554225,6.369507951690862,0
7.489171030667274,3.4502469222022523,5.886159624791748,1
7.876006925148652,3.6566833559247685,0.45882285318998306,1
5.006004510857603,7.347369856733617,0.022560179242354872,0
9.253647881057846,4.506508927306651,0.0650159452204786,1
9.2949319760413,0.08952474865094173,4.666269202184771,1
5.444557142019241,8.706631983636468,8.007343934018698,0
3.8728581990293156,2.9877116684049256,3.551622051045006,0
3.4856784437283155,9.30116817036223,4.703457286744326,0
7.960625755284928,4.7183848084781115,1.5242715430926204,1
3.947768125992327,7.873473817294203,3.240670207668532,0
4.677865491439818,5.83301831971005,8.23221429042142,0
1.2645244439599532,4.328193294665958,9.185317128536518,0
2.8447812580324885,5.68529819462661,0.025343042460749032,0
7.188777655525485,7.440850109903505,2.187925571976826,1
6.65221112227353,1.8224117009677858,7.958660783896859,0
6.016424234296719,5.140856720711878,8.993357634056716,1
3.5738035560186483,8.52110231611328,7.672704057719578,0
1.6752878541734124,6.925155914153929,5.163792422389713,0
2.604096650061016,2.933862345714147,9.10658519151412,0
0.4202307948711087,1.5931731878336122,4.740369705713728,0
4.348360096333482,3.626473732115019,1.9014430814550187,0
3.8522580771462134,4.689588652097913,5.458286484958982,0
0.11542968401970566,1.0653328359336567,3.464636201628802,0
2.0183201102503427,1.7800025954915921,4.125691533319641,0
5.999052440610778,7.445810159304583,7.72010204546673,1
8.4580747721531,7.512676520621977,7.263952064493985,1
0.49012548082430496,2.456425872874455,5.58617167168338,0
4.0298926518225375,3.7913870028361054,2.434119586435103,0
2.82257015961055,9.235483098328631,2.0040655866993045,0
7.290748539961587,7.502557195520916,1.8547106246268357,1
9.171304978099295,5.20725405269679,5.588741892636655,1
5.6318514293278295,5.348625932656211,6.643587748351577,0
8.857806155014917,4.240817915123489,6.17810551793694,1
2.372322664612667,7.910999181116206,0.7851016733577323,0
8.918563503068023,0.6509224171108337,1.293120771670056,1
6.383954893855738,5.500060329121757,2.1939222533742058,1
9.43720935190152,6.051860694402644,7.058478027001234,1
9.290225805221077,4.32107665422363,2.407471041634892,1
7.419992965186943,3.080038696788849,9.265436989236099,1
2.837006659284414,5.351600995404314,4.80113552676099,0
8.552454928800369,5.644313161467242,9.614520315507342,1
7.8402488539110085,8.582869883854942,7.756691000490148,1
9.989096426548418,3.9464666127209207,8.356082998018625,1
4.470359222911494,6.719709640743575,0.19123151528729798,0
3.529359046279741,3.7740730392314554,8.609996253804038,0
9.661633649398295,1.3864159151010083,2.574439390990483,1
3.762495533036348,6.2767649409710025,4.534407880121766,0
5.810395565217232,8.095751195413339,4.293795600173145,0
7.475872165867276,3.9541855023296217,2.0422335758164167,1
7.174460128382282,1.2777934979325867,0.05411153218979636,1
4.358727457318,8.290135740481643,3.341196446649922,0
4.790389752033718,3.70816865460839,7.810959615073523,0
7.740033591292875,8.56246226961949,5.522990803469562,1
6.092217609185438,5.880104067273868,2.404225293644454,0
0.3441887240289472,1.9719793897591706,1.5326489799568317,0
1.753015588220432,8.130064557844198,9.009384779835157,0
9.645084636611623,2.6099430673997066,0.15922049297075302,1
9.805893558040818,6.630374259250559,7.879002412326681,1
2.4652909200622375,8.140480757738251,0.6489412255178171,0
4.137039124388028,2.178570560432736,7.526838342817515,0
1.4886048593996013,3.617077033862725,2.625175571998482,0
7.296997086436032,4.2065121815560325,8.891063547461787,1
3.2151677668316787,3.630650895173395,6.2054792911075465,0
1.9139409028899181,1.28329724559745,3.757352895757998,0
2.485851229923913,3.5830401774046083,2.99838070806445,0
5.139436026079824,8.747788036677862,7.248038758031662,1
5.647517534876571,9.976608255723871,8.959853437872148,1
8.354261990008098,5.49820033784685,7.788399062356128,1
0.11947465714055105,8.08362827697551,5.690894939823335,0
1.2179213601681427,8.50909364038565,7.932813019265023,0
5.483861712212558,8.368096593978455,4.780041979751046,1
4.408739000802952,6.144573375297854,6.493938365532397,0
0.7507469812840325,1.4771253665852955,4.2499827009958775,0
4.849974477982584,4.996241844058716,3.5065399083449478,0
5.701602732650676,3.277269033932437,0.9991714265792102,0
1.3202745124581303,6.002471158028468,1.5661047196558568,0
7.678898254703823,2.8347131007108546,0.549708648224351,1
4.294555575477822,7.824291875086128,3.3857373876956207,0
3.054342479471149,6.315547280563486,5.316167191580785,0
5.633179322030814,5.550833189545956,2.4315328404066894,0
4.971031656456839,6.880780208633509,8.63797550185121,0
5.762047011517196,3.1243641437263414,5.201267835725741,0
4.1185817261821835,2.302319258864861,8.387740291201734,0
8.450998604799032,1.486617071135755,0.1885764420505921,1
8.230197846329766,3.7996852733746986,6.7971182246954,1
0.9184301793793278,3.2188742137900768,5.032585004744815,0
3.109002741578084,4.3528453842197665,6.304134152142051,0
2.3705831243651807,8.116665150123287,8.917636560432198,0
2.018425520248175,1.4566520604926079,4.502111181118089,0
8.938476374806898,6.5105748795648815,8.139576960918335,1
0.8705965186588612,8.396415509484589,7.28846296303737,0
7.0063083921487666,8.621712290199401,2.588484897670299,1
2.888822607146447,7.326815769302628,1.7033540313195097,0
0.0026247936817411777,8.12255679686741,6.333440256663854,0
7.036697719886501,3.7096679419784033,9.516873071297272,1
2.766846160068211,8.293973223643718,0.6777877077241319,0
2.7599905990656204,3.2579468545975963,7.104590848299007,0
7.448094982710814,3.3486303708753997,4.21110080447088,1
3.352528188036687,0.5228815768189657,0.21594545185588854,0
7.170299914381691,0.8472754717609143,6.215932846846154,1
3.490265789092568,6.729526414221474,4.962103608559827,0
5.780360055918171,1.1516946554649559,4.959601471414462,0
0.9215411767410342,4.390847142984323,9.609782069659724,0
5.874128244565735,9.200414391129824,4.130077592120671,0
1.0572147343257319,1.214369468667385,0.5446907131737413,0
7.968191951216223,2.2006940980067586,3.727678306350545,1
5.586733228843898,0.42610063096417705,7.763102127018441,1
3.5451172794344776,3.044157260635595,2.4948262354602293,0
7.194259388463009,8.241818276209404,8.959977392614134,1
9.573466997614004,1.3082332783447908,6.015014928603068,1
5.585341344401171,8.197853734599624,1.9459651219166971,0
2.0552815782034966,3.4513870875453065,0.2823584417509666,0
1.737066630763667,9.833825249921507,7.868381838803502,0
3.1445659184417103,8.138165642922335,8.87450153498289,0
4.917224940951615,2.268493430110719,6.930557177767867,0
3.299193779060463,4.241010516005345,2.734436779200052,0
1.8013729885038652,9.04279124047531,1.8789281721578033,0
9.325182288711817,8.960194436770271,3.7169872036843734,1
3.4728912292759913,5.965261732744991,7.256650784279775,0
0.9962952107532403,7.258794924431243,5.997663820058851,0
1.9323828679704729,6.145269911763733,1.8989956775711594,0
2.214828194207522,3.80877955627234,6.92674779422939,0
7.993019737481651,1.6954725756961877,3.813516706364796,1
8.989451503560062,0.22870435408277612,7.746327812001444,1
1.8406533901240412,0.7156072504952795,8.34458683938391,0
4.334127903055003,4.653032250131187,7.669299862631096,0
9.898897622414939,6.544487006044622,6.8430448285539285,1
2.1498461233856365,6.033198627725021,2.2499860563460863,0
0.47370712698656503,1.1559177207235112,7.53805187921978,0
5.7236087998347385,6.710078978443437,5.509711595803814,0
2.016659708001862,1.3426267030752228,6.624047123002187,0
1.5266320890434497,1.8779217553488767,9.604143655591109,0
0.8259199769498295,5.740046163161085,2.2111041594359966,0
1.5916104133521283,1.658016465543478,6.2811704080205395,0
6.132161170193012,3.337391670155338,7.759680927137773,0
1.795272469747454,7.546437452193702,6.641808928631264,0
9.43035631512176,9.444882477986075,4.803649654184516,1
3.5387344413961523,1.1656948185021152,5.8760480777892745,0
8.592578362463103,3.3819629117164585,0.20535931115602746,1
6.034484327833844,2.9913598402220734,3.989470184595371,0
2.771453735549373,8.582152436644273,3.505722080886659,0
0.7176398712883709,7.681684324025242,6.354435743330133,0
4.348278274640375,5.5912759166457215,2.2323167199034826,0
9.349492186213876,5.593087377911114,8.557443027484819,1
4.729025933037259,4.93577426690436,0.4646862816781938,0
0.22789645209868903,3.872239678384349,9.135210862788538,0
6.963438311133107,4.501239920937123,6.950124961864054,0
9.846190655263461,1.6539146182950404,0.24354142663235956,1
2.2300708422726716,4.241310004372715,0.158966850149577,0
9.928166661124113,5.618577523895825,6.825105391558635,1
1.0444376153489632,7.892391130921698,7.955197362465994,0
9.37658323911508,4.530611290482641,1.9961205150491743,1
7.124357428329321,9.952534116766568,6.541743111919825,1
8.63924609076605,2.5606111963114264,9.619910651800256,1
8.995359778177635,0.3271443144597723,2.1241467321554257,1
1.8872511724049263,3.1206033102314414,5.218714925745379,0
9.097885274065066,7.766734324752331,7.475060001572213,1
3.866439767374506,3.371437272402922,5.668781332078245,0
2.473537449589047,1.724572561041946,6.667423097062899,0
4.423725563950854,5.107046090146255,8.804292002821837,0
6.346829802077458,9.668412278175635,0.5863991773018923,1
4.8980944117892395,5.216570405516304,5.26001496404312,0
5.80563609493269,2.5812781146214006,0.09307458096139243,0
4.197451747850331,8.704130513324037,1.396703393149112,0
1.4605680129194396,0.08231092643607074,7.978833055403327,0
0.09925541976090857,6.477999588692076,5.816955587925367,0
6.7098937857437875,1.8609922539997314,1.5909716398452611,1
9.40355625814812,1.2393445438873023,4.398052773114438,1
0.7525798237883177,5.684155212562358,3.783397286434355,0
8.57174518098629,5.015027092011693,2.9453145013667617,1
9.663465558607042,9.100144690015112,5.7254607827419575,1
8.86044942394092,3.597134319525546,4.826756367503445,1
1.6109074489062056,0.9812790783558587,7.008285778375264,0
8.389506682944633,8.237276071635897,6.663198233316739,1
3.050797031979336,8.152641864908004,4.6169354398005185,0
6.734079331050422,5.264387331179,8.472069343897637,0
4.449553321191747,3.2285183557030366,8.774028929229695,0
6.607586836338003,7.976195988623183,9.560070853664838,0
5.696293131437764,4.741530480168935,4.338916793981707,1
7.505729145198055,6.691462158627049,4.434340887862113,1
1.620341035494998,6.083310785204085,4.286636688598483,0
1.7756162623716198,2.3715522191851646,4.797995872973825,0
4.940702463749487,1.8949452442952095,2.000245123803232,0
8.225727086444827,5.42978498915468,4.382585380550424,1
5.425989419529232,8.116501810669353,8.993116941659103,1
7.921217214521428,5.643640855360495,5.716354982152882,1
1.6617806381500895,0.6412338214110066,8.07411473332186,0
2.1409170034354723,3.882630195320255,4.121712420349543,0
0.07628353561449952,5.692618823906775,4.342346804867998,0
8.9383388309463,0.1493284670128766,1.3722062628408718,1
5.736103057350218,1.3142192846183405,8.239062836912334,1
7.08547326994274,7.844178750387309,5.334612132280695,1
3.3779126521767484,6.890134241786906,4.373068003992422,0
3.498587426570418,0.01807223635787636,6.7824935403449045,0
1.0654253376313187,0.9888973948941465,0.3966236524802773,0
2.982603724286415,4.988685381494065,5.366766850023081,0
2.078458644576298,5.457854677055163,5.9187519323630795,0
5.983455508218899,7.325963624933079,5.706469268205223,1
8.76959117534969,9.674299879217939,7.4884567258534975,1
4.762124598113636,2.2897337272401033,0.1557203309653421,0
9.290123235307789,7.7372908354519385,6.291308324175997,1
3.585617602446362,0.5992335872468224,8.68535838897483,0
3.001211225999224,6.646709520291641,7.1731620001447824,0
1.4656412881766807,2.834633956685183,5.796101810763829,0
3.2801041398804225,3.1596938050989074,7.953467743062532,0
5.3554496901571795,0.3601943813494983,2.9882484255469572,0
2.8171347493648917,5.063869729820389,2.1857849399598788,0
9.026641022976163,8.261840257973168,9.42866689328477,1
1.8353734944713702,8.480694961656628,5.308750527970034,0
5.650383338672943,0.3145263137917321,1.985903838941123,1
8.780205304713112,9.686936159547376,5.592466743288567,1
8.2546384970517,7.113344279738015,4.949745716658527,1
6.949227680079075,8.149566947325098,3.4546262511706027,0
6.522329491107812,0.17813623034339165,9.606549846088122,1
4.407711919534633,3.4118714961786503,2.3614484248195717,0
2.4337352144963065,8.925631295817219,0.15564736771652188,0
6.257035468644819,5.115335960758394,6.310650164336834,1
8.798637116390326,3.04365645610805,1.2926220152643741,1
7.503877200444716,0.9113985168834523,3.749982403189307,1
0.08890030813785521,0.10936022653765887,6.354849435095701,0
6.585854186665464,4.49064189267869,3.9851198814364532,1
6.974631683717135,0.23621233143346398,1.2431383047029478,1
6.141207708756566,6.4135533093796795,8.500194079990036,0
0.6957059625680764,9.266292074493396,2.056766380483702,0
2.9874944230704275,5.652739454176011,4.769198020541036,0
5.807651832173589,3.5954892456076752,6.071399198704228,0
1.7541245137703383,9.608753672457025,0.6450736693093455,0
3.444631496670119,2.16771416793402,3.634885348134396,0
0.10155129886410519,4.007244214989874,3.3399621909897785,0
5.19166786912975,1.996426348969285,2.648776375765862,1
5.515451688021657,6.653473712572809,4.4590624023522825,1
2.0747044326533,2.7036441816686017,0.37186788404908566,0
2.994883304854302,1.9756519127685084,8.501187683443106,0
3.155778894985052,4.483372687013775,9.111539115664424,0
3.9374386966359745,1.6020645874868493,8.729128531687016,0
2.5464805531260852,9.675665962317797,5.205067820728498,0
4.490501055118327,8.493704010175653,3.4319372485239548,0
9.4926008346369,1.2210372111421224,0.9660602104169704,1
3.9590682769634444,8.929508155964928,9.268093770094408,0
0.517557616344843,6.391361539364343,4.125181500952801,0
9.614345062197577,0.3981671956384455,5.550774908234924,1
3.8209107942962968,0.40387967657604396,4.300458110040318,0
2.5792357090296405,1.3193666918480038,5.253852962480296,0
2.561050830611672,7.610055286086651,1.4507873524525106,0
5.243928549780834,3.0529469229706883,0.1450069866271808,1
8.668333599408314,9.083802558880585,2.7260563809517078,1
8.354587244309235,5.173584310712277,2.0608333470785714,1
9.13487015212027,2.212832831529688,7.642352544460735,1
4.4664524016389775,6.504556741921936,4.311440539386647,0
4.429432545826175,2.9487339908242856,2.875558779626911,0
3.9350404141406514,6.089448927532347,2.7559050138297376,0
3.7279337474852703,0.09798848785729575,7.456933037888406,0
6.146390459919472,8.225280833318914,7.577746049253962,0
0.4455715459515641,8.658953311544874,2.162679346974768,0
2.02822107305661,1.2043921195179244,9.140142446496627,0
3.0456534238810136,8.557790818243767,7.987592133675648,0
7.927982834787728,8.063119610387576,3.4332448852360824,1
3.2996563117016104,1.301358564798352,2.5863627972606755,0
7.775108586688931,4.391586406750035,8.450481765752256,1
9.988122205967295,0.12482006197651785,1.080695239743596,1
2.881056729301884,8.735091046597418,3.1295328411833268,0
4.83355681666779,5.272254344133906,0.5223814719974249,0
2.2090954384855674,9.492575032637719,7.451994693814289,0
8.141485621453223,4.2611589662607825,0.8038320655839948,1
6.699641085340631,6.999133260973734,2.697797806506009,0
7.865885443236748,4.918615112671056,7.134847257521355,1
9.174371880262726,1.4818836591468707,9.94614806418481,1
5.9332479782875795,5.848214348152108,9.942752235248328,0
2.5292073942768214,3.7281007750390787,5.463600621462629,0
0.9606824267844399,7.01338546168787,9.163308290554259,0
0.3898893694467235,0.2362713507805193,5.418524611577555,0
2.1782788330787057,2.1672634820443806,2.095797809792903,0
1.125832592761757,8.3268335173476,3.0634539278781157,0
2.2798993771614886,1.006431874950278,9.633910198953238,0
3.3419239787704544,6.614411764251178,6.43380390628584,0
8.932720680009773,8.220026746410678,1.7446982194232714,1
1.8469929660064954,3.3025628203619104,9.698391310449482,0
5.670049643585513,5.165733935967327,0.3672678819758223,1
4.408852199750421,3.394899123199448,7.059304768605596,0
1.7605567407905967,7.524126416258841,6.137478016170878,0
5.97394259526969,0.7630444574328277,5.935452942782054,0
3.278317860887578,7.059808771168287,0.52451422663075,0
2.4692273639528723,6.011543892578004,1.2887849273224066,0
0.3658791532139004,8.006040724452621,8.655859459244294,0
5.633629709690224,6.869061993596296,0.8114966462593936,1
7.772034309266195,0.6724244770067284,9.021722592733827,1
6.265142027405496,1.6795451345278014,7.407653455856786,0
1.7728862702047827,4.517985383356295,1.9624100448790127,0
1.955590638046993,2.784136159642525,7.9916677697077745,0
5.592645266788585,3.9938382826373555,5.605398491142557,1
4.371544355944846,4.872161910356041,3.7088482103240006,0
3.135526234364073,4.089708991122312,3.857892373294286,0
2.9944976336571907,6.061712930386305,9.969914207800109,0
4.301628247950669,4.099500648704212,1.70056395705535,0
6.1336910263687665,2.918679474834513,4.5422456640273365,0
8.942564189211103,5.692497435822081,0.2597989420743143,1
4.010351291246194,7.721370430802569,2.7018242835571944,0
1.116321246249913,1.5554812583800004,7.940117695646282,0
7.085552906959265,5.144661403148537,5.703230527202618,1
5.047886530868831,6.33807677202051,2.465253546365487,0
1.5813202056356384,4.596474100894288,0.9632415475407003,0
8.615774319362925,7.305707989227266,0.4596715759137485,1
4.742629881904728,8.386438368033133,7.832312538923122,0
3.6024202578624105,6.523777641780388,0.7834273001421255,0
9.920393956929026,8.734434470465445,2.274799193852734,1
1.4402762720657991,5.380386279611806,8.094162307870523,0
8.385147039794903,9.34282937096526,2.783142970636261,1
2.9138586732020126,7.548607415853822,9.166759079116792,0
8.367049290854895,1.0981355026203747,9.359894280010254,1
2.510611012590235,4.1972442303099395,8.965969834932052,0
8.128454203327493,4.436676146914924,0.4511044907162297,1
8.048006165156878,6.967807056838717,2.8697022877554073,1
7.362311581741943,4.189172614742592,0.13167194302303487,1
1.3561319293837188,9.042027252799517,1.8338836895015298,0
4.062576725444213,8.714531588661368,7.438020349120469,0
9.280232824778619,2.4936496013110805,4.991215381718965,1
1.0023537097464854,4.845595783257099,7.1184089440999125,0
1.6294400344621671,4.635156051282438,9.453620391862577,0
4.0711590992836575,4.733922354453619,1.3692288023251993,0
5.984185500277419,8.945769054176608,3.813963851495693,1
4.198885350935928,2.9885178442452234,8.092890243031105,0
0.0990805090048491,2.398778221878611,8.159697130952457,0
1.9383111669351654,7.814622005547711,2.0399500869146334,0
8.075702803065889,8.100443574767212,3.3223734757798,1
7.505208037624613,6.6400932669885435,1.4439170214369177,1
2.8795838935117533,3.5588449328809553,5.51930478818841,0
0.128739123475892,9.891452475684648,6.8703360437745875,0
5.3995387039001415,2.105466946848314,2.529597565731418,0
8.033239371076498,5.3015451780528835,4.244309252861529,1
4.076867062756919,7.356051682194716,9.934264260148861,0
8.48799639061922,3.240676958574462,5.670313203989796,1
2.8629928350362306,4.677747087497241,8.617980119330284,0
1.1478233794208967,1.3975059944025476,4.340979781209657,0
6.002330220483689,1.2971545119404149,5.878071181215242,1
8.350658029317543,9.069304946283458,8.840733998990144,1
9.552303637039907,1.0202599298854023,6.354056162321603,1
8.837411432247704,4.087448389276801,6.29710188884359,1
9.86061004546713,0.07972332520183523,1.25993114386172,1
2.8042882498434434,7.320813475619169,0.6882657559728339,0
5.46207495462029,4.265627419485825,3.625098473939622,0
2.855109163134118,0.4088036085461423,4.690215952541632,0
8.009203652232559,6.102782347138103,9.907704734179973,1
6.183822569814285,3.8646481479018275,4.196004491581253,0
8.183712633851359,2.759136439534411,9.145423081946811,1
4.0804171670811575,9.5147348174584,1.7839419573776998,0
3.4730738394768546,9.007934977340055,8.747837497804941,0
2.1744625990146105,7.064577035653712,1.6444828372966596,0
8.499141190680312,5.268633403074633,2.991844204577119,1
1.1751886223535672,5.702775971740277,8.41275443704849,0
8.021950138094876,9.650469607817538,9.196745424154736,1
7.785543952544378,1.7611948251749225,2.7612665125197897,1
7.967293788685457,4.636405053994246,5.050012446123219,1
0.16238972028804333,8.257546521444118,1.1893020800306824,0
9.00215698132813,8.608445891820299,0.1569182628982101,1
2.3932344386812807,9.184170818448088,8.860778962156335,0
1.4370698218668834,5.127756055188441,1.7772369466674203,0
0.7245439481297778,6.252640712800827,1.4133740424277994,0
6.2504218685908315,5.188568617111301,3.6259341221551193,1
2.76196970465994,0.8769745545855461,9.775808514895148,0
4.8442818292294145,7.327349215789897,8.6188840394715,0
4.520413651129199,8.816138738765437,3.483421993325549,0
4.452604724433994,6.286840451168182,5.464486083816118,0
6.009378564730342,9.26958238635891,0.4420827997898087,1
0.5938336918458905,9.918296967090537,5.796782386509223,0
3.2929208397522203,7.581041411664852,5.54384280912858,0
3.935410849468747,3.7551750099972003,4.425693448916134,0
1.9722578744492225,9.939160543689527,7.393454070940451,0
3.6734271355902153,6.264452609644885,2.830240313333561,0
4.005675529836669,2.5791262228222163,7.3528498036829,0
0.08402380073061377,5.666974466874729,4.667151132768741,0
0.31201490291517386,9.891643444814779,3.1605530062439273,0
1.3001248059396984,8.599581675724608,4.036335661071653,0
7.128568103774638,3.740304514842178,5.388521773900975,1
9.315304418136037,2.0045937811753984,0.9559923414590141,1
9.033796704933577,2.532338641062139,9.60934250602659,1
4.666107991756405,8.093895609367753,4.977457919970999,0
7.949708290074251,5.6432636682834705,7.536228958592744,1
2.1379066129000144,2.8279926452268063,1.6354796691680764,0
8.149762235202296,3.2336743859887567,5.525313292602631,1
4.416413792519773,6.247055652496466,9.73424467926694,0
0.4719755333425072,3.0420718535199494,8.977963985467706,0
2.81551580637574,6.052914095095475,5.8511194540835,0
9.896919053769302,8.221755765589112,2.164151063235172,1
4.197990932467634,2.5072489545501515,7.172251434149316,0
7.167424681266747,8.458809146411129,2.786231098280343,1
5.313347408485101,2.3065462450382594,3.8472636003968343,1
7.303980693760615,3.6964443121511628,3.6325521267272913,1
1.3473810352069044,1.2749447735380544,9.769397907064988,0
0.1262040069125001,8.817333736785969,8.040273897322157,0
9.852159934116795,9.970115341048423,0.9111992302419817,1
9.498813569055399,7.142463118994237,4.34506681743689,1
1.8376427991580764,1.211947380932774,4.5746051994903105,0
9.432350527508968,9.523124108458834,3.6586037961576903,1
6.052725245250007,3.429917943530156,9.249502004378394,0
4.617314097912122,7.700236235403555,5.907127942056377,0
5.453471795074063,1.7983596235063959,1.9926162252409436,0
2.553852526687345,8.122933678106321,3.9701460370776207,0
3.2104564295865945,3.342091768350715,7.831479077765651,0
6.9302374298710525,2.7423516594992634,4.678527250791501,1
